SECURITY_ID,UNDERLYING_SYMBOL
100,ARE&M
10074,EMAMIPAP
1008,FACT
10099,GODREJCP
1011,SCHAEFFLER
10159,ORICONENT
10176,SETFNIF50
10181,BALKRISHNA
10188,SHYAMCENT
10217,ADANIENSOL
10227,MANORAMA
1023,FEDERALBNK
10238,CONFIPET
10243,SYNGENE
10276,KAYA
10277,NGLFINE
10285,AYMSYNTEX
10297,PPL
1030,AARON
10300,RAMASTEEL
10310,AURUM
10321,PKTEA
10343,RADHIKAJWE
10346,DGCONTENT
10350,CSLFINANCE
1038,FINCABLES
10397,JISLJALEQS
104,SHAREINDIA
10406,STEELCITY
1041,FINPIPE
10415,MUTHOOTCAP
10417,DYCL
1044,AXISBNKETF
10440,LUPIN
10447,UNITDSPR
10453,SATIN
10457,ARVSMART
10473,POWERMECH
10485,RAMRAT
10508,MOHEALTH
10511,NIFTYBETA
10512,CONS
10515,SENSEXBETA
1053,UFLEX
10530,SHARDAMOTR
10557,NAVKARCORP
10568,RAMAPHO
10576,NIFTYBEES
10577,KRBL
10578,MPSLTD
10579,MARKSANS
10580,TCI
10585,MOM30IETF
10588,SHREEPUSHK
10599,GUJGASLTD
10604,BHARTIARTL
10618,SADBHIN
10619,HDFCNEXT50
10633,HDFCNIF100
10634,ASAL
10637,OLECTRA
10661,PONNIERODE
10666,PNB
10676,MNC
10690,NIFTYQLITY
10693,MOMENTUM
10700,SURANAT&P
10717,TEAMGTY
10723,INFRAIETF
10726,INDIAMART
1073,FOSECOIND
10733,SPORTKING
10738,OFSS
10753,UNIONBANK
10755,APTECHT
1076,ZENSARTECH
10761,SILVERADD
10768,OAL
10786,NOIDATOLL
10791,NUCLEUS
10793,SYRMA
10794,CANBK
10822,MOQUALITY
10825,MOVALUE
1085,GABRIEL
10859,DREAMFOLKS
10865,GVPTECH
10871,GRMOVER
10876,HDFCSILVER
10905,GENESYS
10925,GODREJIND
10932,RADAAN
10939,JUNIORBEES
10940,DIVISLAB
10945,TMB
10948,STCINDIA
10990,RADICO
10993,INDORAMA
10999,MARUTI
1100,GARFIBRES
11006,LIQUIDBEES
11027,INFOBEAN
11037,BANKIETF
11039,DCMNVL
11045,SATIA
11050,SIRCA
11060,KSOLVES
11065,NATHBIOGEN
11072,AGRITECH
11082,LIBAS
1110,DANGEE
11155,CNL
11162,HARSHA
11165,COFFEEDAY
11184,IDFCFIRSTB
11193,AXISILVER
11195,INDIGO
11212,SHK
11220,VARDHACRLC
11223,UCOBANK
11226,BAGFILMS
11233,SUVEN
11236,JSL
11239,NSIL
11241,HDFCGROWTH
11253,WELSPUNLIV
11255,HDFCQUAL
11256,JAIBALAJI
11260,HDFCVALUE
11262,IGL
11265,TVSELECT
1127,GHCL
11271,DREDGECORP
11275,TVTODAY
11287,UPL
1129,GTECJAINX
11293,UNIENTER
11297,SIL
11301,LUXIND
11319,LICNETFN50
11325,MUKANDLTD
1134,APOLLO
11343,AFFLE
11351,PETRONET
11355,PTC
11359,DHANBANK
11364,VAIBHAVGBL
11369,TTKHLTCARE
11373,BIOCON
11374,TIPSFILMS
11377,MAHABANK
11386,PVTBANIETF
1139,GICHSGFIN
11394,ZOTA
11399,SALZERELEC
11403,POONAWALLA
11407,XPROINDIA
11411,RKFORGE
1142,GINNIFILA
11423,DATAMATICS
11427,NDTV
11435,SPANDANA
11439,BANKBEES
11441,LICNETFSEN
11445,PILANIINVS
1145,GIPCL
11452,CCL
11457,NV20
11471,EXCELINDUS
11480,KRIDHANINF
11483,LT
11491,APARINDS
11496,AMBICAAGAR
11511,CENTEXT
11522,NIITLTD
1153,GLAXO
11530,EMIL
11532,ULTRACEMCO
11536,TCS
11538,HDFCMOMENT
11543,COFORGE
11547,HDFCLOWVOL
11549,TEXINFRA
11571,PPLPHARMA
11573,FORCEMOT
11580,WESTLIFE
11581,GULFPETRO
11582,TRACXN
11591,HDFCNIFTY
11593,HDFCSENSEX
11596,LINCOLN
11606,GUFICBIO
11618,ASTRAMICRO
11626,WELENT
11627,NARMADA
11630,NTPC
1164,NEWGEN
11647,KOTARISUG
11654,LALPATHLAB
11655,JBMA
11667,DWARKESH
11677,INDOCO
1168,GMBREW
11689,SUPRAJIT
11699,PATELENG
11703,ALKEM
11705,XCHANGING
11723,JSWSTEEL
1174,GNFC
11743,JINDALPHOT
11763,JPPOWER
11778,GOKEX
11779,ACEINTEG
11782,EVEREADY
11787,GOYALALUM
11794,SAKSOFT
11796,HPIL
11798,ALLDIGI
11804,SUKHJITS
11809,IIFL
1181,GODFRYPHLP
11813,SHOPERSTOP
11821,WELCORP
11829,SSWL
11840,NH
11841,KENNAMET
1185,AMBER
11852,SURYALAXMI
11856,SHAHALLOYS
1186,GLAND
11860,JKPAPER
11864,PRIMESECU
11868,63MOONS
11872,GRANULES
11880,JSWHL
11884,MANINDS
11892,VHL
11895,DCXINDIA
11896,GEOJITFSL
1190,FMGOETZE
11905,GENUSPOWER
11909,SWELECTES
11915,YESBANK
11919,MSPL
11932,FUSION
11935,SPLIL
11956,MEDANTA
1196,KANSAINER
11966,BIKAJI
11971,GOLDIAM
11975,RML
11979,HTMEDIA
11983,SASKEN
11987,ICIL
11992,SYNCOMF
1200,ESG
12009,IMPAL
12015,AEROENTER
12018,SUZLON
12022,AURIONPRO
12024,ACI
12026,RENUKA
12032,FIVESTAR
12034,BASML
1205,GOODYEAR
12092,KAYNES
12101,HDFCNIFIT
12108,HDFCPVTBAN
12124,DOLATALGO
1214,DELTAMAGNT
12153,BBTCL
12173,HNDFDS
12188,INOXGREEN
12219,RUSTOMJEE
1232,GRASIM
1235,GREAVESCOT
1247,GSFC
12489,SWSOLAR
12490,VINNY
1250,CASTROLIND
12533,AAATECH
12578,FINIETF
12603,PRECAM
1267,GUJALKALI
12686,MBAPL
1270,AMBUJACEM
12716,TEAMLEASE
128,ROUTE
12809,HYBRIDFIN
12841,11NSETEST
12842,G1NSETEST
12847,KRISHANA
12848,N1NSETEST
12863,V1NSETEST
1289,GFLLIMITED
12978,NPBET
13,ABB
13001,DHARMAJ
13035,SAFARI
13057,UNIPARTS
13061,360ONE
13072,IIFLCAPS
13081,TRIVENI
13082,SILVER1
13086,AIAENG
13091,EKC
13101,VIMTALABS
13106,NAHARINDUS
13111,ORIENTCER
13116,QUICKHEAL
13121,KERNEX
13126,REPRO
1313,HARRMALAYA
13139,EBBETF0433
13143,GSEC10IETF
13147,PVRINOX
1315,GALAXYSURF
13162,CELEBRITY
13175,NITINSPIN
13182,ROHLTD
13192,ENIL
13198,COMMOIETF
13211,JAGRAN
13218,SULA
13260,KEC
1327,HCL-INSYS
13270,JKCEMENT
13275,INDOTECH
13276,LANDMARK
1328,MARINE
13285,M&MFIN
13288,AFSL
13290,BLKASHYAP
13300,NITCO
13305,CENTURYPLY
13310,KEI
1333,HDFCBANK
13332,SOLARINDS
13337,GALLANTT
13342,VAKRANGEE
13352,MALUPAPER
13359,KFINTECH
1336,HEG
13367,SGL
13376,UTTAMSUGAR
1338,SDBL
13381,KKCL
13400,BHAGERIA
13404,SUNTV
13409,GPIL
13414,RSYSTEMS
13421,EMKAY
13423,ELIN
13430,KELLTONTEC
13441,BALPHARMA
13451,RATNAMANI
13457,KAMDHENU
13463,PIONEEREMB
1348,HEROMOTOCO
13491,JKLAKSHMI
13501,ALLCARGO
13510,AKASH
13511,MUNJALAU
13517,EMAMILTD
13522,NECCLTD
13528,GMRAIRPORT
13536,VIDHIING
13538,TECHM
13557,AVONMORE
13560,GRINDWELL
13565,RAMANEWS
13572,MANUGRAPH
13577,VOLTAMP
13580,RADIANTCMS
13585,ATLANTAA
13587,ACE
13592,HGM
13598,ANTELOPUS
136,ANDHRSUGAR
1360,HIMATSEIDE
13611,IRCTC
13620,ANANTRAJ
1363,HINDALCO
13631,SKYGOLD
13637,JMFINANCIL
13643,ELECON
13644,BANKADD
13648,TALBROAUTO
13656,ALICON
13658,GEECEE
13675,NRL
13689,AERONEU
13693,INFOMEDIA
13710,FIEMIND
1372,HINDCOMPOS
13725,DCBBANK
13735,GLOBALVECT
13745,GTLINFRA
1375,HCC
13750,FLUOROCHEM
13751,NAUKRI
13753,MANOMAY
13761,BBL
13771,VGL
13776,GESHIP
13786,TORNTPOWER
13794,BAIDFIN
13796,MANALIPETC
13801,SUTLEJTEX
13810,GREENPANEL
13816,LTFOODS
13821,RUCHIRA
13826,SOBHA
13839,DONEAR
13844,MMFL
13859,VENUSREM
13868,AARTIPHARM
13870,KUANTUM
13875,JINDRILL
13880,BANCOINDIA
13885,ARIHANT
13890,HIRECT
13900,CREST
13920,PLASTIBLEN
13925,NFL
1394,HINDUNILVR
13941,PRAENG
13950,LIQUID1
13951,PARACABLES
13966,HBLENGINE
13976,TANLA
13982,JASH
13987,ABSLBANETF
14008,AVTNPL
14014,LUMAXTECH
14019,VEEDOL
1403,HINDOILEXP
14043,SARLAPOLY
14058,SANGHVIMOV
1406,HINDPETRO
14064,ASMS
14068,SAGCEM
14086,IGPL
14096,SIYSIL
14101,PTL
14106,AUTOIND
14111,NETWORK18
14116,GANDHITUBE
1412,AGI
14134,PITTIENG
14139,SBGLP
1415,GLOBAL
14150,BTML
14154,UNOMINDA
14180,NSLNISP
14198,TIMKEN
14203,HUBTOWN
14223,TIIL
14230,HDFCBSE500
14233,HDFCSML250
14236,HDFCMID150
1424,HINDZINC
14245,TVSSRICHAK
14255,REDINGTON
14260,PGIL
14278,ORIENTBELL
14286,GOLDETF
14296,VIYASH
14299,PFC
14304,FSL
14305,OSWALSEEDS
14309,INDIANB
14319,TFL
14329,SMSPHARMA
14334,HSCL
14339,GANESHHOU
14346,ORIENTALTL
14361,APOLLOPIPE
14366,IDEA
14385,POCL
14398,AMDIND
144,GODREJAGRO
14403,RAJTV
14413,PAGEIND
14418,ASTRAL
1442,SANOFI
14423,LAOPALA
14428,GOLDBEES
14435,JKTYRE
14445,NAHARPOLY
14450,EMBDL
14466,KIRLFER
14479,DIVGIITTS
1448,HLVLTD
14480,GOKULAGRO
14485,THEMISMED
14490,NCLIND
14501,BALAMINES
14511,BANSWRAS
14518,ABSLLIQUID
14523,ICRA
14535,GOLDBETA
14547,NDLVENTURE
1455,BIRLANU
14552,PHOENIXLTD
14557,AROGRANITE
14562,ZENITHSTL
14567,BFUTILITIE
14582,SRHHYPOLTD
14584,PSUBNKIETF
14592,FORTIS
14597,ALPHAGEO
14599,GSLSU
14602,WEBELSOLAR
14607,TGBHOTELS
14627,HILTON
14657,INSECTICID
14667,KMSUGAR
1467,JSWDULUX
14672,NAVINFLUOR
14677,GUJAPOLLO
14687,GOACARBON
14702,NAGREEKEXP
14707,TIMETECHNO
14712,HGS
14732,DLF
14742,AXSENSEX
14745,ADVANIHOTR
14747,011NSETEST
14751,021NSETEST
14753,031NSETEST
14755,041NSETEST
14758,051NSETEST
1476,IDBI
14761,NELCAST
14762,061NSETEST
14764,071NSETEST
14766,V2RETAIL
14767,081NSETEST
14769,091NSETEST
14772,101NSETEST
14774,111NSETEST
14777,121NSETEST
14778,131NSETEST
14781,141NSETEST
14782,151NSETEST
14784,161NSETEST
14786,LOWVOL
14788,SPARC
14813,ADSL
14828,WSI
14838,DECCANCE
14848,ALPA
1485,IFBIND
14853,OMAXE
14858,GOLD1
14889,ASIANTILES
14890,AKI
14894,CENTRALBK
14900,SAHYADRI
14908,KDDL
1491,IFCI
14912,KPRMILL
14922,PURVA
14924,LAL
14937,CIEINDIA
14938,GSEC10YEAR
1494,RBA
14947,MOTILALOFS
14966,CSBBANK
1497,SHIVAMILLS
14972,KSCL
14977,POWERGRID
14982,CENTUM
14992,CCCL
15002,SUPREMEINF
15017,MAANALU
15032,PSUBNKBEES
15034,BAJAJELEC
15039,CERA
15044,DELTACORP
15049,ENERGYDEV
15058,AVALON
15061,PSUBANK
15067,BLAL
15068,RELIGARE
1507,MOGSEC
15073,BVCL
1508,ASTERDM
15083,ADANIPORTS
15085,SILVERBETA
15119,EDELWEISS
1512,INDHOTEL
15121,SVLL
15124,KOLTEPATIL
15129,RGL
15136,KAUSHALYA
15141,COLPAL
15146,JYOTHYLAB
1515,INDIACEM
15151,MADHAV
15156,KALYANIFRG
15157,RHL
15161,HITECHCORP
15174,TARIL
15179,ECLERX
15180,KIRLPNU
15184,BRIGADE
15199,MANAKSIA
15204,ARIES
15209,PPAP
1521,INDIAGLYCO
15214,DVL
15219,PATINTLOG
15228,UJJIVANSFB
15229,LICNFNHGP
15234,AMBIKCO
15239,BIRLAMONEY
15254,CEATLTD
15259,RPOWER
15266,JKIL
15271,CORDSCABLE
15278,ONMOBILE
15283,KNRCON
1530,INDIANHUME
15303,BANG
15308,SEPC
15313,IRB
15330,QGOLDHALF
15332,NMDC
15337,RAIN
15342,SHALPAINTS
15355,RECLTD
15356,GOLDADD
15360,NAHARCAP
15362,VGUARD
15377,PDMJEPAPER
15380,MANKIND
15399,EIHAHOTELS
154,APCOTEXIND
15404,ATAM
15409,NESCO
15414,TITAGARH
15419,DPSCLTD
15420,ACL
1547,RKEC
15555,HCG
15589,AVG
15649,ATALREAL
1565,RVHL
157,APOLLOHOSP
1570,GMMPFAUDLR
15716,PIGL
1576,GILLETTE
1581,TARC
15883,HINDWAREAP
1593,MGEL
1594,INFY
1597,INGERRAND
16045,PRINCEPIPE
1607,AURIGROW
16123,BHARATWIRE
1614,FAIRCHEMOR
1621,TATAINVEST
1624,IOC
16249,CCAVENUE
16253,EBBETF0430
1627,LINDEINDIA
1628,BECTORFOOD
163,APOLLOTYRE
1630,IONEXCHANG
1633,IPCALAB
16395,MMP
166,ANDHRAPAP
1660,ITC
1663,SUNDROP
16639,KIRIINDUS
16658,SIGMA
16669,BAJAJ-AUTO
16675,BAJAJFINSV
16682,PTCIL
16696,GHCLTEXTIL
16705,GOKUL
16713,UBL
16719,ALMONDZ
1672,HGINFRA
16725,RPGLIFE
16736,MKPL
1675,ITI
16777,SILVERAG
16783,GVT&D
16795,ARCHIDPLY
16807,LOTUSEYE
1681,IVP
16819,QNIFTY
16821,VINYLINDIA
16822,IKIO
16827,KOKUYOCMLN
16859,SINDHUTRAD
16875,SICAGEN
16900,DPWIRES
16908,TOUCHWOOD
16913,ARTEMISMED
16915,ZFCVINDIA
16921,20MICRONS
16927,JOCIL
16933,INDBANK
16943,ASHOKAMET
16959,ALKALI
16986,COUNCODOS
16996,TPHQ
17,GATECHDVR
17029,PATANJALI
17032,THYROCARE
17044,SHARIABEES
17053,HMAAGRO
1708,JAYBARMARU
17094,CROMPTON
17105,SUMICHEM
17130,PARAGMILK
17140,IDEAFORGE
17145,AARTECH
17152,MIDCAPIETF
17181,NEXT50
17186,SHRIPISTON
17187,CYIENTDLM
17197,PAKKA
1720,JAYSREETEA
17207,ITADD
17256,ALBERTDAVD
1726,JBCHEPHARM
17263,ARMANFIN
17270,ASPINWALL
17271,SENCO
17272,SETFGOLD
17279,BLS
17307,AJMERA
17313,LLOYDSME
17333,MHRIL
17351,SALONA
17357,GKWLIMITED
17358,UTKARSHBNK
17364,VINATIORGA
17376,LANDSMILL
17388,ADANIPOWER
17395,SETF10GILT
17397,PREMEXPLN
17400,NHPC
17419,BANKETF
17424,GLOBUSSPR
17433,NETWEB
17438,OIL
17475,NV20IETF
17477,CONTROLPR
17486,EXPLEOSOL
17507,INCREDIBLE
17520,RTNPOWER
17534,MGL
17541,DAMODARIND
17547,AMRUTANJAN
1756,JINDALPOLY
17572,LIQUID
17576,PVTBANKADD
17598,ASALCBR
17603,MAHEPC
17613,SENSEXADD
17616,PSUBANKADD
17625,MOLDTECH
17635,ZYDUSWELL
17641,SUNTECK
17651,POKARNA
17675,ALOKINDS
17685,GPTINFRA
17700,LTGILTBEES
17702,MIDSELIETF
17704,QUESS
17722,DEN
17728,ASTEC
17738,YATHARTH
17747,NIITMTS
17752,SHILPAMED
17758,SARDAEN
17764,REFEX
17770,GROBTEA
17778,ATL
17794,SOMICONVEY
17795,TREL
17801,LLOYDSENGG
17808,QUAL30IETF
17818,LTM
1782,KANPRPLA
17833,AHLUCONT
17839,GILLANDERS
17851,DLINKINDIA
17859,REDTAPE
17869,JSWENERGY
17875,GODREJPROP
17881,DBCORP
17888,GATECH
17903,ABBOTINDIA
17922,GEEKAYWIRE
17927,BAYERCROP
17933,BEARDSELL
17939,HINDCOPPER
17945,COHANCE
17957,MMTC
17963,NESTLEIND
1797,AWHCL
17971,SBICARD
17987,TRF
17999,UNITEDTEA
18011,WHIRLPOOL
1802,JYOTISTRUC
18026,SBFC
18039,ADVENZYMES
18049,MINDTECK
1805,KABRAEXTRU
18060,CONCORDBIO
1808,KAJARIACER
18086,DBL
18096,JUBLFOOD
181,ARENTERP
18102,NIFTY1
18118,THANGAMAYL
18119,SRGHFL
18124,DBREALTY
18131,YASHO
18139,DOLPHIN
1814,KPIL
18142,EMMBI
18143,JIOFIN
18154,HATHWAY
18208,ORIENTLTD
18214,TEXMOPIPES
18226,MANINFRA
18232,LORDSCHLO
18250,PYRAMID
18252,SPAL
1826,KAMATHOTEL
18268,AEROFLEX
18279,HDFCLIQUID
18284,HNGSNGBEES
18292,IVZINGOLD
18321,LGBBROSLTD
18347,MIDCAPBETA
1835,KANORICHEM
18359,SANDUMA
18365,PERSISTENT
18371,NDGL
1838,KARURVYSYA
18391,RBLBANK
184,TCPLPACK
1841,KCP
18417,RISHABH
18422,ASIANHOTNR
18423,RATNAVEER
18431,BIGBLOC
18457,POWERINDIA
18479,ISFT
18504,TVVISION
18520,CUPID
18543,DIACABS
18553,JLHL
18562,MITTAL
18564,LTTS
18566,RRKABEL
18571,GNA
18581,KIRLOSBROS
18593,EMSLIMITED
18608,ZAGGLE
18614,SAMHI
18644,DIAMINESQ
18652,ICICIPRULI
18659,MARATHON
18679,HPL
18721,NUVAMA
18743,SIGNATURE
18755,KALAMANDIR
18760,YATRA
18783,IDFNIFTYET
1879,CARYSIL
18822,ENDURANCE
18827,TARAPUR
18863,VERTOZ
18866,MAZDA
18883,SJVN
18889,KSL
18908,PNBHOUSING
18921,VBL
18931,SUNDARAM
18944,KINGFA
18962,RAJRATAN
18967,KAPSTON
18977,UNIVASTU
19,STYRENIX
1901,CUMMINSIND
19015,MVGJL
19020,JSWINFRA
19025,KIRLOSIND
19036,PODDARMENT
19061,MANAPPURAM
19073,AARVI
19084,ITBEES
19097,SILLYMONKS
19111,NBIFIN
19113,UDS
19126,KIOCL
19184,SFL
1919,KOPRAN
19196,TI
19205,HEADSUP
19211,HMVL
1922,KOTAKBANK
19223,TCIEXP
19224,SENSEXETF
1923,WEALTH
19233,AARTISURF
19234,LAURUSLABS
19235,IMFA
19237,MONIFTY500
19265,BLISSGVS
1927,LIQUIDETF
19279,THEJO
19289,MOM50
19292,TERASOFT
19299,ITDC
193,ARVIND
19322,HISARMETAL
19372,SPCENET
19401,BOROLTD
19410,ROSSARI
19438,AHLEAST
1949,KSB
19501,TICL
19525,IITL
19531,BAJAJCON
19543,HDFCGOLD
19578,UGARSUGAR
19585,BSE
19597,IRMENERGY
19599,PRAKASHSTL
19631,PRICOLLTD
19633,ITETF
1964,TRENT
19640,ALPHAETF
19646,MAXESTATES
19679,GOLDIETF
19686,BLUEJET
19705,LIQUIDSBI
19731,GPPL
19761,ADFFOODS
19783,MUFIN
1979,LMW
19795,CELLO
19800,WELINV
19813,HONASA
19867,AMNPLST
19876,LGHL
19878,ESAFSFB
199,MASFIN
19913,DMART
19931,ORISSAMINE
19933,EGOLD
19937,KILITCH
1994,LIBERTSHOE
19943,DEEPAKNTR
1997,LICHSGFIN
2004,AHLADA
20063,HEALTHX
20071,INTENTECH
20072,INFRABEES
20092,TASTYBITE
201,UNIDT
20110,GREENPOWER
20134,RAMKY
20152,ASKAUTOLTD
20159,ARIHANTSUP
20160,CANTABIL
20178,AKSHARCHEM
2018,LUMAXIND
20182,ASHOKA
20188,WABAG
20203,URJA
20224,JWL
20242,OBEROIRLTY
20257,ESILVER
20261,IREDA
2029,IRFC
20293,TATATECH
20296,SHAH
203,ASHAPURMIN
20302,PRESTIGE
20303,GANDHAR
2031,M&M
20314,NRAIL
20322,FEDFINA
20323,RESPONIND
20329,CGCL
20372,FLAIR
20374,COALINDIA
20413,IOLCP
20425,NACLIND
2043,RAMCOCEM
20453,APCL
2048,INDIGOPNTS
20481,WIPL
2049,CHENNPETRO
20527,PRUDMOULI
20531,BAJEL
20532,AXISGOLD
20534,GRAVITA
20547,BBNPPGOLD
20551,DOMS
20556,INDIASHLTR
2056,HOMEFIRST
20560,DOLLAR
206,ASHIMASYN
20607,INOXINDIA
20616,SUPERHOUSE
20621,PENIND
20642,JINDWORLD
20698,SCHAND
2073,VTL
20760,RPPINFRA
20778,JAMNAAUTO
20788,MOTISONS
20790,SUMEETINDS
20822,SURAJEST
20825,HUDCO
20830,MOIL
20831,MUTHOOTMF
2085,MAHSCOOTER
20852,ZEELEARN
20854,HAPPYFORGE
20874,RBZJEWEL
20877,PSPPROJECT
20878,MUFTI
2088,MAHSEAMLES
20905,AZAD
20936,KIRLOSENG
20950,RKDL
20956,SUNCLAY
21001,PSB
21017,FMNL
2106,MANGLMCEM
21062,INNOVACAP
2107,STOVEKRAFT
21077,SURANASOL
21091,STARCEMENT
21113,BFINVEST
21119,KICL
21131,TEJASNET
21154,ERIS
21174,CDSL
21195,GTPL
212,ASHOKLEY
21238,AUBANK
2124,MASTEK
21247,DIGIDRIVE
21252,AXISNIFTY
21254,LOWVOLIETF
21275,SUMMITSEC
21314,DYNPRO
21334,JYOTICNC
21339,STEELXIND
21362,SALASAR
21383,PALASHSECU
21392,MAGADSUGAR
21399,GANGESSECU
21401,TATAGOLD
2142,MFSL
21423,MOM100
21427,THEINVEST
21428,TATSILV
2144,BDL
21469,OPTIEMUS
21478,NEXT50BETA
21484,STEL
21501,SIS
21508,COCHINSHIP
21551,HALEOSLABS
21578,COMSYN
21614,ABCAPITAL
21623,APEX
21683,BRNL
21690,DIXON
21704,DCAL
21705,MEDIASSIST
21726,MATRIMONY
21740,CHOLAHLDNG
21749,CAPACITE
21750,LIQUIDCASE
2176,AKG
21770,ICICIGI
21794,DAVANGERE
21808,SBILIFE
2181,BOSCHLTD
21828,TEXRAIL
2183,TSFINV
21840,DIAMONDYD
2188,GENCON
21951,HFCL
21957,INDTERRAIN
21959,NIFTYBETF
21986,BANKBETF
22,ACC
220,IEX
2202,MIRCELECTR
22233,DHUNINV
22239,EBBETF0431
22255,NDRAUTO
22277,WORTHPERI
2229,MODIRUBBER
22344,ALPL30IETF
22347,MACPOWER
22365,ITIETF
22377,MAXHEALTH
2241,MODTHREAD
22415,LOVABLE
22423,TOTAL
22428,MAXIND
22433,HDFCNIFBAN
22440,BANKBETA
22463,EPACK
22477,NOVAAGRI
22488,ITBETA
22521,GILT5BETA
22524,GILT10BETA
22566,BLSE
2259,MOREPENLAB
22592,HEALTHADD
22595,HDFCPSUBK
22602,PFS
2263,BANDHANBNK
22649,PARKHOTELS
22656,SIGNPOST
22663,JSFB
22670,RPTECH
22675,CAPITALSFB
2268,MOTOGENFIN
22717,ENTERO
22722,LICNMID100
22730,VSTL
22739,MON100
2275,IRISDOREME
2277,MRF
22824,JUNIPER
2283,MRPL
22832,SMALLCAP
22846,GPTHEALTH
2289,HLEGLAS
22901,GOLDCASE
22930,PLATIND
2294,MTNL
22947,EXICOM
22980,MUKKA
2303,HAL
23043,RKSWAMY
23056,JGCHEM
2306,BESTAGRO
23066,GOPAL
2307,MUNJALSHOW
23127,SCILAL
2313,MURUDCERA
23142,PVSL
2316,HEIDELBERG
23175,KRYSTAL
23181,MOSMALL250
23184,MOREALTY
2319,NCC
2320,SMCGLOBAL
2328,CPSEETF
2331,JAYNECOIND
23365,AQYLON
23402,SRM
23407,LIQUIDADD
23446,171NSETEST
23447,181NSETEST
23480,SINCLAIR
23489,BHARTIHEXA
2350,NURECA
23507,UEL
23512,TARACHAND
23553,AIIL
23590,GLOSTERLTD
236,ASIANPAINT
23607,BALUFORGE
23621,JNKINDIA
23650,MUTHOOTFIN
23693,INDGN
23729,AADHARHFC
23740,TBOTEK
23799,GODIGIT
23804,BSLGOLDETF
23806,ABSLPSE
2385,NAVNETEDUL
23855,MIDSMALL
23864,AWFIS
2388,NELCO
23915,LIQUIDBETF
2397,SANDHAR
24014,BOROSCI
24025,KRONOX
2406,NEULANDLAB
24067,IXIGO
24077,MID150CASE
24081,TOP100CASE
24117,BBNPNBETF
24145,RETAIL
24154,DEEDEV
24184,PIIND
24190,SYMPHONY
24196,VADILALIND
2421,NILKAMAL
24217,IVZINNIFTY
24225,RELAXO
24226,STANLEY
24231,OMINFRAL
24265,ESTER
24292,VSTTILLERS
24308,ABDL
2431,RAILTEL
24321,VRAJ
2433,NIRLON
2435,CONSUMBEES
24366,SBISILVER
24374,LIQUIDSHRI
24378,RELIABLE
24385,KARMAENG
24386,BANSALWIRE
2439,NKIND
24391,DELPHIFX
24398,EMCURE
24403,ASHIANA
24404,ABGSEC
24409,DHANUKA
2442,NOCIL
24445,AGIIL
24461,EVINDIA
245,ADL
24524,SBINEQWETF
24532,FILATEX
24533,OILIETF
24538,MAITHANALL
2454,CENTRUM
24582,SANSTAR
24595,RUSHIL
24596,RELTD
24610,AVANTEL
2463,MIDHANI
24715,AKUMS
24730,RUBFILA
24735,RPEL
24742,CEIGALL
2475,ONGC
24777,OLAELEC
24781,BSLNIFTY
24798,GROWWEV
24809,UNIECOM
2481,ONWARDTEC
24814,FIRSTCRY
24823,MANCREDIT
24847,GSEC10ABSL
24851,SUYOG
24856,SSDL
24861,METALIETF
24870,INVENTURE
24909,INTERARCH
2492,SILGO
24924,ELGIRUBCO
2493,ORIENTHOT
24937,MFML
24944,MODEFENCE
24948,LTF
2496,ORIENTPPR
24961,ORIENTTECH
24966,SURAJLTD
24969,WINDMACHIN
24999,IBULLSLTD
25,ADANIENT
25017,BODALCHEM
25049,PREMIERENE
25060,ECOSMOBLTY
25073,RAYMONDLSL
25080,MULTICAP
25088,ASAHISONG
25114,STYLEBAAZA
2513,BCLIND
25134,GALAPREC
25157,RVTH
25162,EUREKAFORB
25171,TOP10ADD
25178,TDPOWERSYS
25203,BALAJEE
25222,SANOFICONR
25235,XTGLOBAL
25252,KROSS
25258,EBANKNIFTY
25262,TOLINS
25270,BAJAJHFL
25312,PNGJL
25328,APLLTD
25340,VASWANI
2535,PGHH
25358,PGEL
25392,PANAMAPET
25398,ARKADE
25403,WCIL
25426,NORTHARC
25447,GROWWLIQID
25468,PAISALO
25492,ONELIFECAP
25503,INDOUS
25512,FLEXITUFF
25574,SHAKTIPUMP
25584,TRITURBINE
25597,MANBA
25606,MOMENTUM50
25608,INDOTHAI
2562,HUHTAMAKI
25626,UYFINCORP
25634,ESSARSHPNG
25640,LICMFGOLD
25643,KRN
25672,DIFFNKG
25684,JISLDVREQS
25690,DSSL
25718,POLYMED
25724,RUPA
25725,BANKPSU
25737,SRD
25744,METAL
25758,GROWWDEFNC
25780,APLAPOLLO
25786,KANANIIND
25800,GARUDA
25807,LLOYDSENT
25835,VINCOFE
25844,HYUNDAI
25851,VAL30IETF
25872,GROWWGOLD
25892,DBEIL
25897,MINDACORP
25907,WAAREEENER
25918,OCCLLTD
25941,GODAVARIB
2595,3PLAND
25977,AFCONS
2598,AMJLAND
25984,AVL
25996,EMULTIMQ
2606,LEMONTREE
2614,HERANBA
2616,SEAMECLTD
2627,IT
263,ATUL
2636,DIVOPPBEES
2643,PFIZER
2645,DRCSYSTEMS
2649,PCBL
2664,PIDILITIND
2687,POLYPLEX
270,CHEMCON
27008,HEXATRADEX
27020,ABINFRA
27037,TBZ
27047,MASTERTR
2705,PRAJIND
27052,SAGILITY
27061,ACMESOLAR
27066,SWIGGY
27067,VSSL
27075,LIQUIDPLUS
27079,KPEL
2708,PRAKASH
27084,KMEW
2709,MTARTECH
27095,SWANCORP
27097,NIVABUPA
27107,SPECIALITY
2711,PRECOT
27144,BLACKBUCK
2716,BUTTERFLY
27161,CINELINE
2717,PRECWIRE
27171,RACLGEAR
27176,NTPCGREEN
27213,EIEL
27297,RTNINDIA
27303,SAMPANN
27334,SURAKSHA
27353,ROSSTECH
2739,PRSMJOHNSN
275,AUROPHARMA
277,GICRE
27754,INNOVANA
278,AUTOAXLES
2783,JUBLINGREA
27839,SAILIFE
2792,EASEMYTRIP
2794,RSWM
27969,VMM
28046,MOBIKWIK
2809,RAJSREESUG
28125,IKS
2814,ARVEE
2816,RALLIS
2829,ANURAS
28314,ANUHPHR
2837,RANASUG
28378,IGIL
2841,LXCHEM
2844,RANEHOLDIN
2854,CRAFTSMAN
2859,RAYMOND
2866,RCF
28662,DAMCAPITAL
2868,HITECH
28687,MAMATA
28714,TRANSRAILL
28764,CEWATER
28805,SANATHAN
28847,VENTIVE
2885,RELIANCE
28859,PROZONER
28879,CARRARO
28888,SENORES
28899,KITEX
28906,MAYURUNIQ
28913,ROSSELLIND
28960,UNIMECH
28969,CONSUMER
29008,TVSHLTD
29019,ECAPINSURE
29025,INDOFARM
29050,ZUARI
29075,SETL
29087,QUADFUTURE
2909,RICOAUTO
29098,DDEVPLSTIK
29113,CARERATING
2912,RIIL
29124,PCJEWELLER
29135,INDUSTOWER
29146,NAVKARURB
29171,LAXMIDENTL
29204,STALLION
29224,ONESOURCE
29251,ITCHOTELS
29256,DENTA
29284,VMART
2939,RUBYMILLS
29423,MOHITIND
29439,SUPREME
29452,AGARWALEYE
29459,MOSCHIP
29464,NEXT30ADD
29472,PROTEAN
29482,MCLOUD
29487,NIBE
29492,ORCHASP
29527,GROWWRAIL
2955,KALYANKJIL
29553,NIFTYIETF
29577,NIF100BEES
29583,NATCAPSUQ
29590,JUBLCPL
29598,REPCOHOME
29624,AJAXENGG
2963,SAIL
29666,HEXT
29678,BAJAJINDEF
29687,UNIONGOLD
2969,SAKHTISUG
2970,SURYODAY
29711,QPOWER
2972,ORIENTELEC
29731,GUJTHEM
29733,NIBL
29758,MSCIINDIA
2987,NAZARA
29872,GROWWN200
29877,VIVIDHA
2988,SANDESH
29944,NIFTY100EW
29962,JUSTDIAL
29975,AONETOTAL
3001,BSE500IETF
3002,WONDERLA
30023,ATULAUTO
30065,MOCAPITAL
30089,ORIENTCEM
3009,KOHINOOR
3010,AXISTECETF
30105,GOLD360
30108,ABFRL
30109,SELECTIPO
30121,EQUAL200
30125,SAMMAANCAP
30134,PRABHA
30139,CASHIETF
30155,AXISVALUE
3018,SAURASHCEM
3021,SOTL
3024,JINDALSAW
30244,BHARATSE
30249,ISHANCH
30274,SILVERCASE
30290,SBIBPB
30323,ESSENTIA
30392,NIF100IETF
3045,SBIN
30455,SPECTRUM
30469,MID150
30472,AONELIQUID
3048,SCI
305,BAJAJHLDNG
3063,VEDL
3066,SESHAPAPER
3078,SHANTIGEAR
308,BAJAJHIND
30835,PILITA
3088,INDOSTAR
3099,SHREDIGCEM
31017,THOMASCOTT
3103,SHREECEM
31107,DBSTOCKBRO
31138,COMPUSOFT
31163,RHIM
31181,MCX
312,TIINDIA
31258,NDL
3126,SHREYANIND
3127,UFBL
3129,TRANSWORLD
3138,HONDAPOWER
31415,NBCC
31468,LYPSAGEMS
31475,ORBTEXP
3149,BORORENEW
3150,SIEMENS
31507,JPOLYINVST
3162,SIMPLEXINF
317,BAJFINANCE
3172,GILT5YBEES
31837,SREEL
3186,SKFINDIA
3220,LODHA
3237,JTEKTINDIA
324,ANGELONE
3247,NITIRAJ
3252,SPIC
3273,SRF
3275,TEMBO
3291,STARPAPER
3292,DEEPINDS
330,VALIANTORG
3316,MODISONLTD
3321,SPMLINFRA
3324,SUBROS
3327,SUDARSCHEM
3329,ISGEC
3339,SUNDARMFIN
3345,SUNDRMFAST
3348,SUNFLAG
335,BALKRISIND
3351,SUNPHARMA
3357,SUPERSPIN
3363,SUPREMEIND
3375,SURYAROSNI
338,BALMLAWRIE
3384,SWARAJENG
3387,SMLMAH
3389,AGARIND
3396,TAINWALCHM
34,ADOR
3403,AJOONI
3405,TATACHEM
341,BALRAMCHIN
3411,TATAELXSI
3417,HONAUT
342,CAMS
3426,TATAPOWER
3432,TATACONSUM
3435,BBOX
3453,TECILCHEM
3456,TMPV
3466,TFCILTD
347,BANARBEADS
3475,THERMAX
3481,THOMASCOOK
3482,CLSEL
3484,TIL
3496,TIRUMALCHM
3499,TATASTEEL
350,BANARISUG
3506,TITAN
3507,MAFANG
3509,TNPETRO
3512,TNTELE
3518,TORNTPHARM
3531,TRANSPEK
3546,TTKPRESTIG
3563,ADANIGREEN
357,NAM-INDIA
3570,UCAL
3579,UNICHEMLAB
3586,MOKSH
359,ROML
3594,UNITECH
3607,UNIVCABLES
3608,AXISHCETF
3626,HEALTHIETF
3637,JUBLPHARMA
3672,SOLARA
3676,VESUVIUS
368,BASF
3693,GAYAHWS
3694,VINDHYATEL
3703,VIPIND
371,BATAINDIA
3715,VLSFINANCE
3718,VOLTAS
3721,TATACOMM
3724,VSTIND
3727,ANMOL
3736,WALCHANNAG
3744,FINEORG
3748,WEIZMANIND
3757,VENKEYS
3761,RITES
3766,WHEELS
3772,WILLAMAGOR
3781,WIMPLAST
3787,WIPRO
3799,WSTCSTPAPR
380,BBTC
381,SINTERCOM
3812,ZEEL
3813,ARIHANTCAP
3821,ZODIACLOTH
3827,ZUARIIND
383,BEL
3834,BHARATRAS
385,MAHLOG
3857,VARROC
3880,SOMANYCERA
3892,HATSUN
3906,CAPLIPOINT
3918,NATCOPHARM
393,GLOBE
395,BEML
3963,GOCLCORP
3965,REMSONSIND
3980,TNPL
3987,GREENPLY
399,NIACL
4,21STCENMGM
40,AEGISLOG
4007,CORALFINAC
4010,PVP
4014,NAVA
4037,AUSOMENT
404,BERGEPAINT
4040,EIMCOELECO
4041,JAYAGROGN
4055,PANACEABIO
4064,CUBEXTUB
4067,MARICO
4105,SILINV
4130,REGENCERAM
4136,BIOFILCHEM
4157,KEYFINSERV
4160,NORBTEAEXP
4176,ZENITHEXPO
4179,SUNDRMBRAK
4184,SANGAMIND
419,BEPL
4201,SOMATEX
4204,MOTHERSON
422,BHARATFORG
4221,VISAKAIND
4229,ZFSTEERING
4235,WENDT
4244,HDFCAMC
425,KHADIM
426,BHARATGEAR
4279,DENORA
4299,STERTOOLS
4306,SHRIRAMFIN
4344,PUNJABCHEM
436,IFGLEXPOR
4378,SENSEXIETF
438,BHEL
4391,GULFOILLUB
4394,MIRZAINT
4410,JAGSNPHARM
4421,CREDITACC
4422,INDIANCARD
4444,HAWKINCOOK
445,5PAISA
4469,ELECTHERM
4471,ELPROINTL
4481,AARTIDRUGS
4487,ALKYLAMINE
4491,BOSCH-HCIL
4503,MPHASIS
4522,SIGIND
4525,DYNAMATECH
4529,NEXT50IETF
4548,GUJRAFFIA
4566,RUCHINFRA
4568,ATLASCYCLE
4587,RAMCOIND
4594,KOTHARIPET
4598,HERITGFOOD
4656,SBCL
4668,BANKBARODA
467,HDFCLIFE
4681,BLUECHIP
4684,SONACOMS
4693,SHYAMMETL
471,OSWALGREEN
4717,GAIL
4732,SKMEGGPROD
474,3MINDIA
4745,BANKINDIA
4747,INDNIPPON
4749,CONCOR
4751,INDRAMEDCO
4771,TCIFINANCE
48,HAPPSTMNDS
480,BIRLACORPN
4809,KCPSUGIND
4822,DODLA
4838,LIQUIDIETF
4843,SNOWMAN
4847,KIMS
4870,INDSWFTLAB
489,ICEMAKE
4892,SAREGAMA
4898,FDC
4907,ENGINERSIN
4911,MADRASFERT
4934,IPL
495,BLUEDART
4953,ADROITINFO
4957,GANGAFORGE
4963,ICICIBANK
4973,PHARMABEES
4986,IRCON
4992,SHARDACROP
5049,CLEAN
5054,GRINFRA
5068,SHEMAROO
509,MAZDOCK
5097,ETERNAL
5108,KPIGREEN
5114,SGIL
513,BOMDYEING
5143,JAICORPLTD
5162,TATVA
5168,SBIETFCON
5186,STYLAMIND
5192,KOVAI
5194,ANTGRAPHIC
5200,GRAUWEIL
5204,GMDCLTD
522,ICICIB22
5220,BFSI
5239,MAHAPEXLTD
5258,INDUSINDBK
526,BPCL
5264,PDSL
5265,ALIVUS
527,UTIAMC
5279,ROLEXRINGS
5292,PRITIKAUTO
530,BPL
5306,FMCGIETF
5313,UGROCAP
5352,EXXARO
5359,KRSNAA
5366,WINDLAS
5373,DEVYANI
5378,ASAHIINDIA
5382,EPIGRAL
5385,AAVAS
5394,MOL
5401,NGIL
5407,CARTRADE
5426,NUVOCO
5428,TRIGYN
5435,APTUS
5449,CHEMPLASTS
547,BRITANNIA
5475,GRSE
5501,YUKEN
5507,SERVOTECH
5516,JAIPURKURT
5528,KOTHARIPRO
5578,ACUTAAS
5585,VIJAYA
559,BSL
5606,INTLCONV
5610,ASTRAZEN
5614,GANESHBE
5622,CEMPRO
5631,PAR
5633,J&KBANK
5650,SHANTI
5688,ARCHIES
5701,CUB
5732,AXISCETF
5748,CYIENT
5751,SANSERA
5782,MASPTOP50
583,CANFINHOME
5851,BANKNIFTY1
5865,LAGNAM
5900,AXISBANK
5911,PARAS
592,GRAPHITE
5926,INTELLECT
5938,MONTECARLO
5948,SOUTHBANK
595,CARBORUNIV
5957,BSLSENETFG
6006,COASTCORP
6018,ABSLAMC
6040,EIFFL
6045,PASUPTAC
6051,CYBERTECH
6062,LICNETFGSC
6066,ATGL
6068,AIROLAM
6125,GOODLUCK
6127,DIGJAMLMTD
6141,PANSARI
6164,BHAGCHEM
619,CENTENKA
6198,FCL
6216,CAMLINFINE
6218,SIKKO
6227,DTIL
6232,3IINFOLTD
625,ABREL
6262,SELMC
6278,MEDICAMEQ
628,CESC
6286,GULPOLY
6297,HEALTHY
6302,APOLSINHOT
634,IGARASHI
6353,NIFTYETF
6364,NATIONALUM
637,CHAMBLFERT
6385,CCHHL
6407,LAMBODHARA
641,DNAMEDIA
6422,MANORG
6445,TECHNOE
6446,CONSUMIETF
6462,TECH
6489,IRIS
6543,GRPLTD
6545,NYKAA
6579,FINOPB
6596,SONATSOFTW
6600,GENUSPAPER
6606,EQUAL50ADD
6643,SJS
6656,POLICYBZR
6673,FOODSIN
6705,PAYTM
6711,IVC
6713,MOLDTKPAC
6718,SAPPHIRE
6733,JINDALSTEL
676,EXIDEIND
6782,NIPPOBATRY
6792,SBC
6803,STEELCAS
6818,LATENTVIEW
6836,FOCUS
6843,SMLT
6848,GREENLAM
685,CHOLAFIN
6863,BAJAJHCARE
6908,VISHNU
6913,RPPL
694,CIPLA
6943,TARSONS
6944,GANECOS
6951,LINC
6961,MENONBE
6964,GOCOLORS
6973,DMCC
6994,BSOFT
7,AARTIIND
701,HEMIPROP
7016,SHIVALIK
703,DICIND
7030,ASIANENE
7048,HESTERBIO
7053,ACCELYA
7074,MAHKTECH
708,SHRADHA
7083,STARHEALTH
7105,TEGA
7109,JMA
714,SHALBY
7145,ANANDRATHI
715,SUDARCOLOR
7169,MICEL
7177,RATEGAIN
7196,BBETF0432
7200,SHRIRAMPPS
7211,JETFREIGHT
7218,SBIETFQLTY
722,SBIETFPB
7227,MAPMYINDIA
7229,HCLTECH
7242,METROBRAND
7254,MEDPLUS
7287,JTLIND
7325,DCMSRIND
7339,ABSLNN50ET
7353,SETFNN50
7358,DATAPATTNS
7361,SETFNIFBK
7374,STAR
7376,HPAL
739,COROMANDEL
7390,SUPRIYA
740,SBIETFIT
7406,GLENMARK
7411,NILASPACES
7412,ALPHA
7413,MANAKCOAT
742,COSMOFIRST
7420,MANAKALUCO
7422,MONQ50
7425,HECPROJECT
7451,NIFTYADD
7456,MIDQ50ADD
7506,WOCKPHARMA
7508,ZENTEC
7518,TREJHARA
7553,NRBBEARING
755881,EVIETF
7560,UNITEDPOLY
756015,CIFL
756020,TINNARUBR
756038,WAAREERTL
756086,GROWWMOM50
756150,SILVER360
756324,NPST
756782,KRISHIVAL
756802,OSWALPUMPS
756827,GROWWSLVR
756843,ABLBL
756871,ENRIN
756900,MON50EQUAL
756925,PRIMO
757,CRISIL
757014,THELEELA
757031,MOINFRA
757049,RAJOOENG
757096,AONENIFTY
757099,MOMGF
757102,BELRISE
757142,EQUAL50
757167,MONEXT50
757336,AEGISVOPAK
757431,MOPSE
757443,MOTOUR
757455,SNXT30BEES
757478,SCODATUBES
757515,DIGITIDE
757520,BLUSPRING
757545,TRAVELFOOD
757614,ARIS
757645,ATHERENERG
757658,FISCHER
757669,MOALPHA50
757725,LIQGRWBEES
757754,PICCADIL
757767,SAMBHV
757772,HDBFS
757781,TOP15IETF
757791,MOGOLD
757794,BRIGHOTEL
757801,IGCL
757814,GROWWNET
757817,MOMIDMTM
757834,RMDRIP
757845,INDIQUBE
757850,CRIZAC
757862,EBGNG
757885,ANTHEM
757919,BORANA
757938,BELLACASA
757946,QUALITY30
757953,EUROBOND
757955,PASHUPATI
757965,SMARTWORKS
758002,SHANTIGOLD
758115,JSLL
758145,LOTUSDEV
758150,MBEL
758165,GROWWPOWER
758173,PROSTARM
758300,GROWWLOVOL
758448,ALLTIME
758457,MOSILVER
758460,JSWCEMENT
758496,SBILIQETF
758551,RAYMONDREL
758558,KALPATARU
758563,ELLEN
758595,INTERNET
758667,MANUFGBEES
758675,EFCIL
758697,GROWWNIFTY
758700,ARFIN
758705,LTGILTCASE
758853,SGFIN
758858,CPPLUS
758889,SGMART
758904,AONEGOLD
758909,AMANTA
758941,CPEDU
758952,ELM250
758955,SML100CASE
758958,STLNETWORK
758968,AHCL
758973,VIKRAN
758986,GCSL
759007,ATLANTAELE
759012,GANESHCP
759041,IVALUE
759048,GKENERGY
759057,SAATVIKGL
759062,RHETAN
759079,DEVX
759084,URBANCO
759093,SHRINGARMS
759130,ABCOTS
759169,MWL
759210,TRUALT
759239,FINKURVE
759244,JAINREC
759251,EPACKPEB
759256,BMWVENTLTD
759265,TATACAP
759291,BLUESTONE
759302,NIFTYCASE
759311,CRAMC
759316,RUBICON
759342,PACEDIGITK
759355,SYSTMTXC
759368,FLEXIADD
759371,MONIFTY100
759374,MOENERGY
759381,MONEYBOXX
759397,SOLEX
759402,ADVANCE
759411,OMFREIGHT
759428,GROWWRLTY
759434,WEWORK
759439,PATELRMART
759448,SHREEJISPG
759453,VIKRAMSOLR
759458,GROWWNXT50
759466,ELIQUID
759477,CANHLIFE
759488,MOMENTUM30
759517,MIDWESTLTD
759522,GROWWSC250
759551,PIRAMALFIN
759569,ORKLAINDIA
759587,STUDDS
759605,LENSKART
759610,CHOICEGOLD
759719,GROWWMC150
759723,PWL
759728,EMMVEE
759752,MODIS
759769,ADVENTHTL
759780,ENERGY
759782,TMCV
759797,EUROPRATIK
759806,GROWW
759814,SMALL250
759820,PINELABS
759842,BETA
759847,SHILCTECH
759867,CAPILLARY
759876,UTLSOLAR
759880,TENNIND
759885,CHEMICAL
759891,MOIPO
759929,SOLARWORLD
759934,STYL
759951,JARO
759956,ARSSBL
759969,PAUSHAKLTD
759978,MSCIADD
759992,AONETMMQ50
759995,ESENSEX
759998,ENIFTY
760,CGPOWER
760001,MOSERVICE
760007,EXCELSOFT
760039,SUDEEPPHRM
760051,GROWWCAPM
760054,MOMNC
760073,JAYKAY
760101,SKFINDUS
760116,GLOTTIS
760125,FABTECH
760183,CLEANMAX
760188,SRTL
760193,AONESILVER
760204,MARKOLINES
760213,LGEINDIA
760224,VIDYAWIRES
760229,MEESHO
760234,AEQUS
760242,PNGSREVA
760247,ABSL10BANK
760254,CORONA
760259,WAKEFIT
760277,MODINATUR
7603,CMSINFO
760300,LEMERITE
760325,GOLDBND
760328,SILVERBND
760346,NEPHROPLUS
760351,PARKHOSPS
760356,MIDCAPADD
760359,SMALLADD
760407,ICICIAMC
760412,DIVIDEND
760415,TOP20
760433,KSHINTL
760438,GROWWMETAL
760482,TWCGOLDETF
760594,BUILDPRO
760599,NEXT50ADD
760657,ADVAIT
760673,GROWWCHEM
760709,NEXT50ETF
760715,HALDER
760726,BHARATCOAL
760740,AMAGI
760865,OMNI
760874,GROWWHOSPI
760891,DSFCL
760923,KNAGRI
760946,KWIL
760961,FRACTAL
760976,GROWWPSE
760981,AYE
760986,HEALTHCARE
761025,GICL
761030,INFRA
761037,CEINSYS
761046,DEFENCE
761056,BONLON
761066,ABSLMSCIN
761095,SBIMIDMOM
761099,INA
761153,SEDEMAC
761192,KRISHNADEF
761197,GKSL
761270,ALGOQUANT
761335,KOTYARK
761364,BANK10ADD
761386,MARSONS
761420,SINGERIND
761439,RSL
761469,SHADOWFAX
761494,BCPL
761506,HSBCGOLD
761511,VALUE
761514,GROWWPSUBK
761528,INNOVISION
761581,CMPDI
761670,AMIRCHAND
761675,SAIPARENT
761680,POWERICA
761688,SAHLIBHFI
761693,MOBANK10
761720,NIMBSPROJ
761741,SBINMID150
761814,TCC
761821,AARNAV
762239,GSPCROP
762432,OMPOWER
762518,3BBLACKBIO
762528,ABMKNO
762533,ACSTECH
762538,AKCAPIT
762543,AMBALALSA
762548,ASHIKA
762553,ASTAR
762558,AVAILFC
762563,BAJAJST
762568,BATLIBOI
762573,BEEKAY
762578,BENGALASM
762583,BI
762588,BIMETAL
762593,BIRLAPREC
762598,BLACKROSE
762603,BLIL
762608,BNAGROCHEM
762613,BNALTD
762618,BTTL
762623,COCKERILL
762628,COMFINTE
762633,DAICHI
762638,DECNGOLD
762643,DISAQ
762648,DRAGARWQ
762653,ELANTAS
762658,ELCIDIN
762663,ELITECON
762675,FEDDERSHOL
762680,FERMENTA
762685,FRONTSP
762690,GNRL
762695,GRANDOAK
7627,SHREERAMA
762700,GRAVISSHO
762705,HALDYNGL
762712,HBESD
762717,INDPRUD
762722,INVPRECQ
762727,IWP
762732,KAMAHOLD
762742,KIRANVYPAR
762747,KLBRENG-B
762752,KOTIC
762757,KPL
762762,LAHOTIOV
762767,MADHAVIPL
762772,MAFATIND
762777,MAJESAUT
762782,MCCHRLS-B
762787,MENNPIS
762792,MERCANTILE
762797,METROGLOBL
762802,MMWL
762807,NATIONSTD
762812,NEAGI
762817,NILE
762824,NITTAGELA
762829,PIONRINV
762834,PML
762839,PRADPME
762844,PRAVEG
762849,PREMCO
762854,QUINT
762859,RAJPALAYAM
762864,RRIL
762869,RSDFIN
762874,SAPPL
762879,SAYAJIHOTL
762884,SCANSTL
762889,SEIL
762894,SHARDUL
762899,SHBAJRG
762904,SHINDL
762909,SHRIKRISH
762914,SIKA
762919,SONAL
762924,SURYALA
762929,TAALTECH
762934,TAMBOLIIN
762939,TECHNVISN
762944,THACKER
762949,THAKDEV
762954,TIMEX
762961,ULTRAMAR
762966,VELJAN
762971,WELSPLSOL
762978,WPIL
762985,ZSARACOM
763294,KISSHT
7672,IMAGICAA
7679,MONARCH
772,DABUR
778,KEEPLEARN
7780,BCONCEPTS
781,DALMIASUG
7835,WEL
7838,NETF
7844,AUTOIETF
7848,BIL
7851,RAMCOSYS
7852,INOXWIND
7880,AUTOBEES
7886,MHLXMIRU
79,ALEMBICLTD
7902,LFIC
7929,ZYDUSLIFE
7936,AVANTIFEED
7942,SILVERIETF
7965,MALLCOM
7979,MAKEINDIA
7982,GRWRHITECH
8003,SILVER
8024,CINEVISTA
804,SHIVATEX
805,DCM
8050,MAHLIFE
8054,KTKBANK
8075,DALBHARAT
8077,MIDCAP
8080,SILVERBEES
8083,CROWN
811,DCMSHRIRAM
8110,AWL
8119,RPSGVENT
8124,AJANTPHARM
8146,DEVIT
8153,MEGASTAR
8163,SPENCERS
8167,MANYAVAR
817,DCW
8175,SAGARDEEP
8182,MOMOMENTUM
827,DEEPAKFERT
8311,BLUESTARCO
8342,GSEC5IETF
8413,MIDCAPETF
8469,MITCON
8477,XELPMOC
8479,TVSMOTOR
8506,MID150BEES
8510,GATEWAY
8529,GMRP&UI
8546,CHALET
857,DHAMPURSUG
8585,NLCINDIA
8596,MSUMI
8614,INDOBORAX
8632,LOWVOL1
8652,VETO
8654,MOLOWVOL
8687,MUKTAARTS
8696,VRLLOG
8727,SHAILY
8736,PNBGILTS
8797,OBCL
8806,SONAMLTD
881,DRREDDY
8825,PRIVISCL
8827,AVROIND
8828,GAEL
8840,USHAMART
8866,CHOICEIN
8882,TNIDETF
8890,VERANDA
8944,RITCO
8953,ELDEHSG
8954,TTML
8962,HARDWYN
8968,HARIOMPIPE
8998,UMIYA-MRO
9007,NOVARTIND
9014,ANUP
9020,VCL
9039,UFO
9046,AGROPHOS
9049,ROTO
9087,PIXTRANS
910,EICHERMOT
9111,ARVINDFASN
9116,INDOAMIN
9117,TIPSMUSIC
913,EQUITASBNK
9158,BALAJITELE
916,EIDPARRY
9168,SNXT50BETA
919,EIHOTEL
9219,TPLPLASTEH
9253,NILAINFRA
926,ORCHPHARMA
9260,ARROWGREEN
928,ELECTCAST
9288,KRITIKA
9305,STARTECK
9348,IOB
9354,TAJGVK
9356,MSTCLTD
936,DPABHUSHAN
9362,CAMPUS
937,ELGIEQUIP
9378,TRU
9384,CREATIVEYE
9385,PNCINFRA
940,PGHL
9408,RAINBOW
9422,SILVERTUC
9428,SKIPPER
9436,AXISCADES
9480,LICI
9539,SAKAR
955,ESABINDIA
9552,RVNL
9553,PRUDENT
9558,AKSHAR
9576,MAHESHWARI
958,ESCORTS
9581,METROPOLIS
9590,POLYCAB
9592,VENUSPIPES
9599,DELHIVERY
9617,SPLPETRO
9641,KHANDSE
9652,RELCHEMQ
9667,MEDICO
9668,HIKAL
9678,SOUTHWEST
9683,KPITTECH
9685,TRIDENT
9741,PARADEEP
9750,ETHOSLTD
9756,EMUDHRA
981,EPL
9810,AETHER
9819,HAVELLS
9847,NV20BEES
9867,NEXTMEDIA
9874,GOLDTECH
9879,CHEVIOT
9889,SMARTLINK
9897,AIRAN
9902,AXITA
9917,NEOGEN
9921,ALANKIT
993,EVERESTIND
9939,ONEPOINT
999,EUROTEXIND